Company_Name,Company_Website,Company_Description
Dickens-Tillman,lockman.com,enable robust paradigms
Klein-Powlowski,marquardt.biz,monetize scalable paradigms
"Hauck, Jaskolski and Herzog",murazik.com,productize e-business partnerships
Robel Inc,ernsermorar.com,synthesize vertical markets
Ankunding PLC,kuvalis.com,extend frictionless action-items
"O'Hara, Murazik and Mraz",hills.com,utilize B2B synergies
Hayes-Nicolas,okunevarobel.info,incentivize plug-and-play experiences
Gottlieb-Champlin,kiehn.com,grow 24/365 interfaces
Casper and Sons,mantebruen.net,enhance frictionless deliverables
Balistreri Group,smitham.com,evolve front-end markets
Rogahn PLC,gleichnerbeer.com,deploy one-to-one functionalities
Feeney-Mertz,cruickshank.com,enable magnetic networks
Kuhic-Ebert,eichmann.net,embrace end-to-end users
"Renner, Anderson and McDermott",weissnatrunte.com,redefine user-centric communities
"Fay, Murphy and Weimann",bradtke.com,transition frictionless metrics
Mante Group,kuhnrunolfsson.info,innovate 24/7 e-tailers
"Thiel, Shanahan and Lowe",yundt.info,re-intermediate e-business web-readiness
Cartwright-Hermiston,wuckert.com,harness e-business e-commerce
Jones-Greenholt,kulas.com,leverage extensible models
"Waelchi, Emard and Volkman",tromp.net,reinvent global content
Haag Ltd,kertzmann.com,revolutionize virtual solutions
"Romaguera, O'Connell and Conroy",huel.com,evolve B2B markets
"Kerluke, Ullrich and Doyle",zemlakjast.com,productize best-of-breed channels
Barrows Inc,wisozkbartoletti.com,repurpose 24/365 mindshare
Reichert Ltd,feil.com,cultivate proactive initiatives
Bechtelar PLC,kirlin.com,incubate granular communities
"Muller, Emmerich and Bradtke",hansen.com,syndicate distributed partnerships
"Mraz, Dickens and Ondricka",welch.biz,engineer wireless systems
"Jones, Walsh and Stokes",boyer.org,matrix dynamic bandwidth
Halvorson-Wisozk,wilkinson.com,e-enable integrated systems
Koss-Runolfsdottir,thompson.info,transition web-enabled convergence
"Welch, Watsica and Connelly",vandervort.org,monetize granular mindshare
"Hodkiewicz, Rutherford and O'Connell",zemlak.net,maximize user-centric supply-chains
"Boyer, Halvorson and Simonis",kihn.org,revolutionize strategic technologies
"Ortiz, Schuppe and Feest",lynch.com,repurpose magnetic info-mediaries
Jaskolski and Sons,ruecker.biz,seize value-added synergies
Stiedemann-Hand,block.com,target value-added e-business
Will-Homenick,bins.com,reinvent innovative solutions
Muller and Sons,abbott.com,monetize holistic methodologies
Fritsch PLC,schmidt.net,disintermediate vertical content
Hessel-Dicki,paucekberge.com,mesh 24/7 markets
Rodriguez Inc,flatleyheaney.net,utilize interactive e-markets
Dach-Beatty,farrell.com,architect sticky portals
Von LLC,bogan.org,leverage open-source e-markets
Ziemann-Hansen,mcglynn.org,empower transparent applications
"Ondricka, Treutel and Gleason",kesslerstanton.com,aggregate ubiquitous channels
Kovacek-Raynor,schimmel.com,orchestrate synergistic systems
Ruecker-Howell,hermann.com,productize e-business paradigms
Douglas-Will,johnson.info,redefine world-class infrastructures
"Kovacek, Reinger and Adams",walsh.com,monetize 24/7 ROI
Lebsack-Blanda,okon.com,synergize plug-and-play portals
"Orn, Boehm and Dickens",cartwright.com,synthesize revolutionary bandwidth
"Fadel, Stanton and Predovic",langworthschuppe.biz,streamline revolutionary communities
Blanda Group,west.com,synthesize holistic action-items
"Quitzon, Fisher and Wolf",heidenreich.com,transform intuitive bandwidth
"Will, Kovacek and Schmitt",lefflerwuckert.com,empower mission-critical e-tailers
Klocko LLC,stamm.info,seize vertical e-tailers
Roberts-Kiehn,rolfson.info,synthesize visionary e-commerce
Braun-Kuhic,zulauf.com,generate rich web-readiness
"Keeling, Johns and Leuschke",daniel.com,visualize ubiquitous web services
"Hand, Hane and Larkin",reinger.com,seize value-added web services
Smitham-Kerluke,schowalter.com,exploit B2B ROI
"Mueller, Klein and Leuschke",hills.com,embrace leading-edge e-markets
Barton-Fahey,lueilwitz.com,enhance front-end partnerships
"Cummerata, Howe and Lind",wisokyfahey.info,visualize wireless info-mediaries
Mills Inc,von.net,iterate vertical platforms
Sanford-Romaguera,wehner.com,enable virtual action-items
Keeling-Yundt,reinger.info,brand extensible users
Howell Inc,shanahan.info,envisioneer end-to-end synergies
Howell LLC,krajcik.com,re-contextualize strategic convergence
Stanton-Kutch,morar.com,incubate strategic networks
Denesik Ltd,herman.net,re-contextualize B2B schemas
Wiza-Howell,nienow.com,maximize visionary platforms
Hirthe-Stehr,moore.net,whiteboard back-end applications
Bartoletti-Swift,grady.org,visualize best-of-breed vortals
Kohler LLC,bayer.com,maximize transparent markets
Torp-Cartwright,bauch.com,revolutionize scalable synergies
Pacocha-Jacobi,shanahan.com,unleash bricks-and-clicks infrastructures
"Smith, Cassin and Blick",maggiolegros.info,deliver innovative info-mediaries
Anderson Group,streich.com,evolve revolutionary architectures
Haley-Quigley,goyettearmstrong.com,engineer rich architectures
Reynolds Group,kemmerdooley.com,reinvent front-end deliverables
"Langosh, Bartoletti and Brekke",torphymueller.com,grow B2B experiences
McLaughlin-Sporer,bartell.com,evolve e-business niches
"Ritchie, Wisozk and Lowe",huelswatsica.com,exploit value-added e-services
O'Connell PLC,kihn.com,disintermediate value-added web services
"Reichel, Bergstrom and Pouros",shields.com,syndicate viral e-tailers
Aufderhar and Sons,hintz.com,redefine B2B paradigms
Rice and Sons,williamson.org,extend bricks-and-clicks convergence
Champlin-Stark,schinner.com,harness B2B methodologies
Lakin-Kihn,conroyoberbrunner.com,deploy intuitive web-readiness
VonRueden-Kertzmann,hermannleuschke.com,architect distributed technologies
Hodkiewicz Ltd,okuneva.com,exploit strategic interfaces
Gutmann Inc,hackett.biz,engineer world-class supply-chains
Block LLC,champlin.org,engineer impactful vortals
Kohler-Jaskolski,bayer.org,reinvent cross-media deliverables
Kris Ltd,reinger.com,mesh vertical experiences
Nitzsche-Tromp,dickinsonwitting.com,generate world-class supply-chains
Streich-Bogisich,bogan.com,maximize mission-critical eyeballs
Kautzer Group,simonis.com,innovate granular channels
